time,temperature_2m,relative_humidity_2m,surface_pressure,wind_speed_10m,precipitation
2026-09-19 00:00:00,21.2,96,965.0,2.2,0.0
2026-09-19 01:00:00,20.6,98,964.7,3.6,0.0
2026-09-19 02:00:00,20.6,94,964.6,2.7,0.0
2026-09-19 03:00:00,20.5,92,964.6,3.2,0.0
2026-09-19 04:00:00,20.1,93,964.8,4.4,0.0
2026-09-19 05:00:00,19.9,93,965.2,3.7,0.0
2026-09-19 06:00:00,20.3,92,966.0,3.6,0.0
2026-09-19 07:00:00,23.2,84,967.2,1.3,0.0
2026-09-19 08:00:00,25.1,76,967.4,2.5,0.0
2026-09-19 09:00:00,27.2,67,967.6,5.0,0.0
2026-09-19 10:00:00,28.8,60,966.8,8.0,0.0
2026-09-19 11:00:00,30.1,56,966.0,9.5,0.0
2026-09-19 12:00:00,30.3,56,965.1,8.6,0.0
2026-09-19 13:00:00,27.9,68,964.5,7.7,1.9
2026-09-19 14:00:00,26.3,77,964.6,5.5,2.7
2026-09-19 15:00:00,27.3,66,964.3,3.0,0.2
2026-09-19 16:00:00,27.0,67,964.1,2.2,0.0
2026-09-19 17:00:00,25.9,70,964.3,2.8,0.0
2026-09-19 18:00:00,24.2,81,964.9,1.9,0.0
2026-09-19 19:00:00,23.7,79,966.2,6.9,0.0
2026-09-19 20:00:00,23.2,79,966.6,6.7,0.0
2026-09-19 21:00:00,23.0,78,966.8,5.1,0.0
2026-09-19 22:00:00,22.6,80,966.9,4.8,0.0
2026-09-19 23:00:00,21.8,84,966.7,3.5,0.0
2026-09-20 00:00:00,21.3,88,966.0,2.7,0.0
2026-09-20 01:00:00,21.0,92,965.7,2.6,0.0
2026-09-20 02:00:00,20.5,92,965.2,2.4,0.0
2026-09-20 03:00:00,20.5,91,965.1,2.3,0.0
2026-09-20 04:00:00,20.2,91,965.4,2.2,0.0
2026-09-20 05:00:00,19.9,91,965.6,2.8,0.0
2026-09-20 06:00:00,20.4,88,966.5,2.7,0.0
2026-09-20 07:00:00,22.0,75,967.8,1.9,0.0
2026-09-20 08:00:00,24.3,65,968.3,3.2,0.0
2026-09-20 09:00:00,26.4,53,968.1,5.5,0.0
2026-09-20 10:00:00,28.0,46,967.6,6.3,0.0
2026-09-20 11:00:00,29.4,44,966.5,6.5,0.0
2026-09-20 12:00:00,30.5,42,965.4,7.6,0.0
2026-09-20 13:00:00,31.3,43,964.2,8.3,0.0
2026-09-20 14:00:00,30.7,46,963.9,9.4,0.2
2026-09-20 15:00:00,29.7,47,963.7,8.7,0.1
2026-09-20 16:00:00,28.3,51,963.6,7.3,0.0
2026-09-20 17:00:00,26.3,60,963.8,3.9,0.0
2026-09-20 18:00:00,24.4,69,964.3,0.7,0.0
2026-09-20 19:00:00,23.5,79,965.2,3.6,0.0
2026-09-20 20:00:00,22.9,79,966.0,3.1,0.0
2026-09-20 21:00:00,22.3,80,966.1,2.2,0.0
2026-09-20 22:00:00,21.7,83,966.1,2.8,0.0
2026-09-20 23:00:00,21.2,84,965.8,3.1,0.0
2026-09-21 00:00:00,20.6,86,965.1,3.1,0.0
2026-09-21 01:00:00,19.9,90,964.4,4.2,0.0
2026-09-21 02:00:00,19.4,90,964.1,3.7,0.0
2026-09-21 03:00:00,18.9,93,964.0,3.7,0.0
2026-09-21 04:00:00,18.3,94,963.7,3.3,0.0
2026-09-21 05:00:00,18.3,92,963.8,3.0,0.0
2026-09-21 06:00:00,19.1,88,964.5,3.2,0.0
2026-09-21 07:00:00,22.3,75,965.8,0.5,0.0
2026-09-21 08:00:00,24.7,63,966.4,3.5,0.0
2026-09-21 09:00:00,26.9,51,966.7,5.3,0.0
2026-09-21 10:00:00,28.5,42,966.3,6.1,0.0
2026-09-21 11:00:00,30.0,37,965.4,7.6,0.0
2026-09-21 12:00:00,30.9,33,964.0,8.8,0.0
2026-09-21 13:00:00,31.5,31,963.1,9.6,0.0
2026-09-21 14:00:00,31.7,34,962.3,8.5,0.0
2026-09-21 15:00:00,30.3,42,962.1,8.1,0.0
2026-09-21 16:00:00,28.5,51,962.1,7.2,0.0
2026-09-21 17:00:00,26.6,59,962.4,4.5,0.0
2026-09-21 18:00:00,24.5,69,962.9,1.2,0.0
2026-09-21 19:00:00,23.5,74,963.7,3.3,0.0
2026-09-21 20:00:00,22.8,78,964.5,4.4,0.0
2026-09-21 21:00:00,22.1,81,964.8,4.0,0.0
2026-09-21 22:00:00,21.7,82,965.1,3.8,0.0
2026-09-21 23:00:00,21.0,85,965.2,3.8,0.0
2026-09-22 00:00:00,20.3,89,964.7,2.9,0.0
2026-09-22 01:00:00,20.1,91,964.1,3.1,0.0
2026-09-22 02:00:00,20.2,89,963.7,3.0,0.0
2026-09-22 03:00:00,20.2,88,963.5,2.7,0.0
2026-09-22 04:00:00,19.8,87,963.5,1.8,0.0
2026-09-22 05:00:00,19.3,86,963.8,2.7,0.0
2026-09-22 06:00:00,19.9,80,964.4,3.2,0.0
2026-09-22 07:00:00,23.1,69,965.4,1.9,0.0
2026-09-22 08:00:00,24.7,64,966.0,4.9,0.0
2026-09-22 09:00:00,26.8,55,966.1,4.8,0.0
2026-09-22 10:00:00,28.9,46,965.5,6.8,0.0
2026-09-22 11:00:00,30.2,40,964.3,9.4,0.0
2026-09-22 12:00:00,31.1,37,963.3,9.3,0.0
2026-09-22 13:00:00,31.7,38,962.4,8.7,0.0
2026-09-22 14:00:00,31.4,40,962.1,6.1,0.0
2026-09-22 15:00:00,30.8,43,961.9,7.7,0.1
2026-09-22 16:00:00,28.5,53,962.1,9.7,0.0
2026-09-22 17:00:00,26.3,62,962.6,7.3,0.0
2026-09-22 18:00:00,24.6,71,963.2,2.3,0.0
2026-09-22 19:00:00,23.7,75,964.0,3.3,0.0
2026-09-22 20:00:00,23.1,79,964.6,2.8,0.0
2026-09-22 21:00:00,22.5,82,965.2,1.1,0.0
2026-09-22 22:00:00,21.8,85,965.1,0.6,0.0
2026-09-22 23:00:00,21.2,88,965.0,2.9,0.0
2026-09-23 00:00:00,20.9,88,964.4,3.6,0.0
2026-09-23 01:00:00,20.4,89,964.0,3.1,0.0
2026-09-23 02:00:00,20.1,90,963.7,2.8,0.0
2026-09-23 03:00:00,19.6,90,963.5,2.3,0.0
2026-09-23 04:00:00,19.4,90,963.6,3.2,0.0
2026-09-23 05:00:00,19.1,89,963.8,3.3,0.0
2026-09-23 06:00:00,19.9,84,964.6,2.6,0.0
2026-09-23 07:00:00,22.9,71,965.6,1.8,0.0
2026-09-23 08:00:00,25.0,64,965.9,4.1,0.0
2026-09-23 09:00:00,27.0,56,966.0,5.3,0.0
2026-09-23 10:00:00,28.8,48,965.5,7.5,0.0
2026-09-23 11:00:00,30.0,43,964.5,9.4,0.0
2026-09-23 12:00:00,31.0,39,963.3,9.4,0.0
2026-09-23 13:00:00,32.0,39,962.2,10.1,0.0
2026-09-23 14:00:00,32.2,39,961.6,7.6,0.0
2026-09-23 15:00:00,31.1,43,961.5,6.7,0.0
2026-09-23 16:00:00,29.5,49,961.7,6.8,0.0
2026-09-23 17:00:00,27.4,58,962.5,5.4,0.0
2026-09-23 18:00:00,25.8,66,963.2,1.7,0.0
2026-09-23 19:00:00,24.8,70,963.7,2.7,0.0
2026-09-23 20:00:00,23.9,74,964.0,2.9,0.0
2026-09-23 21:00:00,23.0,78,964.5,2.7,0.0
2026-09-23 22:00:00,22.3,83,964.7,1.5,0.0
2026-09-23 23:00:00,21.6,86,964.4,1.8,0.0
2026-09-24 00:00:00,21.1,86,963.7,2.4,0.0
2026-09-24 01:00:00,20.8,85,963.3,1.9,0.0
2026-09-24 02:00:00,20.6,84,963.0,2.6,0.0
2026-09-24 03:00:00,20.3,84,962.8,2.4,0.0
2026-09-24 04:00:00,19.9,85,963.1,2.2,0.0
2026-09-24 05:00:00,19.8,85,963.7,1.9,0.0
2026-09-24 06:00:00,20.6,81,964.5,2.1,0.0
2026-09-24 07:00:00,23.7,72,965.6,1.4,0.0
2026-09-24 08:00:00,26.2,59,965.9,4.4,0.0
2026-09-24 09:00:00,28.4,48,965.9,6.1,0.0
2026-09-24 10:00:00,29.9,41,965.4,11.1,0.0
2026-09-24 11:00:00,31.2,37,964.6,12.0,0.0
2026-09-24 12:00:00,32.1,36,963.3,13.7,0.0
2026-09-24 13:00:00,32.3,37,962.2,14.7,0.0
2026-09-24 14:00:00,31.8,41,961.6,14.0,0.0
2026-09-24 15:00:00,31.0,44,961.6,9.0,0.1
2026-09-24 16:00:00,29.3,51,961.9,6.9,0.2
2026-09-24 17:00:00,27.5,55,962.6,6.0,0.0
2026-09-24 18:00:00,26.1,60,963.3,2.3,0.0
2026-09-24 19:00:00,25.2,65,963.9,2.1,0.0
2026-09-24 20:00:00,24.3,70,964.4,1.7,0.0
2026-09-24 21:00:00,23.5,74,965.0,1.3,0.0
2026-09-24 22:00:00,22.9,78,965.2,1.2,0.0
2026-09-24 23:00:00,22.2,82,965.0,1.1,0.0
2026-09-25 00:00:00,21.7,84,964.5,1.3,0.0
2026-09-25 01:00:00,21.2,85,964.1,1.8,0.0
2026-09-25 02:00:00,20.7,86,963.9,2.4,0.0
2026-09-25 03:00:00,20.4,86,963.6,3.2,0.0
2026-09-25 04:00:00,20.5,83,963.7,3.3,0.0
2026-09-25 05:00:00,21.3,78,964.4,2.7,0.0
2026-09-25 06:00:00,22.7,71,965.4,1.5,0.0
2026-09-25 07:00:00,24.3,63,966.2,1.7,0.0
2026-09-25 08:00:00,26.3,53,966.5,4.0,0.0
2026-09-25 09:00:00,28.6,44,966.6,6.9,0.0
2026-09-25 10:00:00,30.5,38,966.2,9.4,0.0
2026-09-25 11:00:00,31.7,36,965.2,11.2,0.0
2026-09-25 12:00:00,32.4,35,963.8,13.5,0.0
2026-09-25 13:00:00,32.6,36,962.8,14.6,0.0
2026-09-25 14:00:00,31.9,39,962.3,12.2,0.0
2026-09-25 15:00:00,30.5,44,962.2,8.6,0.0
2026-09-25 16:00:00,29.2,49,962.3,6.3,0.0
2026-09-25 17:00:00,28.0,55,962.8,3.7,0.0
2026-09-25 18:00:00,26.7,61,963.5,1.0,0.0
2026-09-25 19:00:00,25.7,67,964.2,1.9,0.0
2026-09-25 20:00:00,24.9,70,964.7,2.0,0.0
2026-09-25 21:00:00,24.4,73,965.1,1.5,0.0
2026-09-25 22:00:00,23.8,76,965.3,1.5,0.0
2026-09-25 23:00:00,23.1,80,964.9,1.6,0.0
2026-09-26 00:00:00,22.4,85,964.3,2.0,0.0
2026-09-26 01:00:00,21.8,89,963.8,2.1,0.0
2026-09-26 02:00:00,21.2,91,963.8,1.9,0.0
2026-09-26 03:00:00,20.8,91,963.9,1.7,0.0
2026-09-26 04:00:00,20.9,88,964.2,1.3,0.0
2026-09-26 05:00:00,21.6,85,964.8,1.1,0.0
2026-09-26 06:00:00,22.8,80,965.5,0.7,0.0
2026-09-26 07:00:00,24.4,71,966.1,1.3,0.0
2026-09-26 08:00:00,26.5,58,966.3,3.9,0.0
2026-09-26 09:00:00,28.9,44,966.3,7.5,0.0
2026-09-26 10:00:00,30.8,36,966.1,9.8,0.0
2026-09-26 11:00:00,31.9,32,965.3,9.9,0.0
2026-09-26 12:00:00,32.4,29,964.2,8.7,0.0
2026-09-26 13:00:00,32.3,30,963.3,7.7,0.0
2026-09-26 14:00:00,31.0,37,962.9,7.2,0.3
2026-09-26 15:00:00,29.1,50,962.6,6.5,0.3
2026-09-26 16:00:00,27.4,64,962.8,5.6,0.3
2026-09-26 17:00:00,26.3,72,963.2,3.5,0.1
2026-09-26 18:00:00,25.5,76,964.0,2.1,0.1
2026-09-26 19:00:00,24.8,79,964.6,3.1,0.1
2026-09-26 20:00:00,24.3,82,965.1,2.7,0.0
2026-09-26 21:00:00,23.9,83,965.4,1.5,0.0
2026-09-26 22:00:00,23.5,85,965.6,0.7,0.0
2026-09-26 23:00:00,23.0,86,965.3,1.0,0.0
2026-09-27 00:00:00,22.5,87,964.7,1.3,0.0
2026-09-27 01:00:00,22.1,87,964.3,1.6,0.0
2026-09-27 02:00:00,21.3,96,964.2,1.3,0.0
2026-09-27 03:00:00,21.4,95,964.7,0.8,0.0
2026-09-27 04:00:00,21.5,94,965.2,0.3,0.0
2026-09-27 05:00:00,21.8,92,965.8,0.9,0.0
2026-09-27 06:00:00,22.2,88,966.1,1.8,0.0
2026-09-27 07:00:00,22.9,83,966.2,2.5,0.0
2026-09-27 08:00:00,24.1,75,965.9,3.4,0.2
2026-09-27 09:00:00,25.8,66,965.4,4.8,0.2
2026-09-27 10:00:00,27.7,56,964.6,6.0,0.2
2026-09-27 11:00:00,29.4,49,963.8,7.1,0.2
2026-09-27 12:00:00,30.7,45,963.3,7.7,0.2
2026-09-27 13:00:00,31.2,43,962.9,7.6,0.2
2026-09-27 14:00:00,30.8,45,962.9,6.5,0.0
2026-09-27 15:00:00,29.6,51,963.1,4.3,0.0
2026-09-27 16:00:00,27.9,59,963.4,1.5,0.0
2026-09-27 17:00:00,26.1,70,963.8,1.1,0.0
2026-09-27 18:00:00,24.5,81,964.1,3.3,0.0
2026-09-27 19:00:00,23.4,90,964.3,4.6,0.0
2026-09-27 20:00:00,22.7,94,964.3,4.9,0.0
2026-09-27 21:00:00,22.2,96,964.2,4.5,0.0
2026-09-27 22:00:00,21.8,97,964.1,3.8,0.0
2026-09-27 23:00:00,21.6,96,964.0,2.9,0.0
